class,message
0,"วันนี้สั่งมา...ส่งก็ช้า เปิดมาก็ไม่มีซอส ไม่มีอะไรมาให้โทรไปถามก็ว่าอยู่ไกล กว่าจะเอาซอสมาให้อีกก็ร่วมชั่วโมง....กินแต่พิซซ่าเปล่าๆ5555( ให้ห้าดาวเรื่องบริการห่วยมากๆ แค่ครั้งเดียวพออะ)"
0,"สปาเกตตี้ขี้เมา เค็มมากกกกกกกกกกกินคำเดียวพุ่งเลยฝากปรับปรุงหน่อยนะคับ"
0,"ตอนนี้กินอยู่ที่เซ็นทรัลพระราม2 เรื่องอาหาร อันดับแรก รสชาติโอเคนะครับ ไม่แย่มาก ปกติดี แต่หน้าตาอาหารนี่ ผิดกับรูปโปรโมทโดยสิ้นเชิง"
0,"วันนี้สั่งมากินที่บ้าน รสชาติของสปาเกตตี้ ซีฟู๊ดขี้เมา คำแรกที่กินเข้าไป นึกว่าทำเกลือหก เค็มชนิดที่เอาปากชาเลยทีเดียว...ปรับปรุงด้วยนะคะ....ขอบคุณคะ"
0,"วันที่29 ณ.สาขาริเวอร์ไซค์ตรงข้ามสน.บุคคโล ผมจะไปกับเพื่อนกินที่ร้าน ถึงร้านตอน21.15 พนักงานบอกว่ารับแต่สั่งกลับบ้านเท่านั้นผมก็โอเคงั้นกินที่บ้าน พอเลือกหน้าจ่ายตังไปพนักงานบอกรอ15นาที ผมก็นั่งรอ ไม่ถึง5นาทีมีคนต่างชาติมานั่งแต่ไม่มีพนักงานต้อนรับ เกือบๆ10นาที พนักงานก็มาเก็บโต๊ะข้างๆที่ชาวต่างชาติเขานั่ง เก็บเสร็จก็มารับออเดอร์สะงั้น ผมก็ฟังไม่รุ้เรื่องนะว่าเขาพุดไรกันคงคิดว่าไม่รับทานนี่แล้วละมั้ง ไปๆมาๆรับออรเดอร์เขาไปทำ และก็มีลูกค้ามาอีก2จ้าว พนักงานก็เชิญด้่านใน คือผมงงว่ามาคนเดียวแล้วไม่รับนั่งในร้านหรอหรือยังไง?ไงไงก็ฝากเตือนไปถึงสาขานี้ด้วยนะครับ"
0,รบกวนปรับปรุงความสะอาดด้วยนะคะ สาขาสยามเซนเตอร์แมลงสาบ 1 ตัวบนโต๊ะอาหารและอีก 1 ตัวบนพื้นนะคะ
0,วันนี้สั่งออเดอร์ผ่านทางอินเตอร์เน็ต แต่ออเดอร์มาช้ามากจนครบกำหนดเวลาสั่งตามที่ขึ้นในอินเตอร์เน็ต ก็ยังไม่มีคนมาส่งจึงลองโทรไปตามที่ call center ต้องโทรตาม 2 รอบ ถึงจะมีเบอร์ที่สาขาโทรกลับมา แล้วแจ้งเราว่าออเดอร์เราไปอยู่ที่สมุทรปราการ ตลกป๊ะเรานั่งเฝ้าอยู่หน้าจอคือขึ้นว่าเป็นบ้านเลขที่เราเลย แล้วไงก็บอกว่าจะตามออเดอร์ให้ เราก็รอไปอีก ร่วมแล้วเราสั่งไปตอน 1 ทุ่ม 37 ออเดอร์มา 3 ทุ่มแล้วไง คนขับมาส่งไม่พูดขอโทษเราซักคำที่มาช้า แล้วพิซซ่ากับไก่แบบไม่มีความร้อนเลย เหมือนทำนานแล้วคุณเอาของเราไปเก็บไว้เหรอหรือยังไง ??? คือเสียความรู้สึกมาก
0,"ทานที่ร้าน สาขา Tesco lotus สงขลา...สั่งแบบถาดละ 159บ. บอกเรยว่า #ห่วยมากคับ...สั่งหน้าแฮมเบค่อน แทบไม่มีชิ้นเนื้อ มะขือเทศรวมๆไม่ถึงครี่งลูก(6ชิ้น บางชิ้นไม่มีมะเขือเทศ)...สั่งหน้าสไปซี่ทูน่า เจอแต่วิญญาณ...แบบนี้มันไม่ใช่โปรโมชั่น แต่เป็นการลดราคา ลดคุณภาพ ลดปริมาณ...กินไปมีแต่แป้ง เสียดายตังค์ เสียดายเวลา เสียความรุ้สึก...ถ้าเทียบกับรูปโฆษณา บอกเรยว่า ""นี่มันเศษเหลือชัดๆ!"""
0,เมื่อไม่นานไปสั่งพิชซ่าเป็นชุดครอบครัว159บาท ให้วันเกิดแม่ ให้เครื่องน้อยส่วนหนึ่งไปสั่งในช่วงเทศกาลวันหยุดลูกค้าเยอะก็เข้าใจ แต่ไม่เข้าใจว่าทำไมเครื่องน้อยมาก แต่พนักงานบริการดี เสียดายไม่ได้ถ่ายรูปพิชซ่าไว้
0,เมื่อวานไปเที่ยวโคราช แวะซื้อพิซซ่า ที่สาขาโลตัวหัวทะเล พนักงานบริการไม่ดีเลย มองดูลูกค้าแบบดูถูกดูแคลน มองแบบเหยียดหยาม ประมาณว่า มีเงินซื้อด้วยเหรอ จะจำชื่อคนให้บริการไว้ค่ะ
0,วันนี้ไปใช้บริการพิซซ่าที่สาขาโลตัสจันทบุรี ด้านอาหารถือว่าดี แต่ขอติตรงด้านการบริการหน่อยนะค่ะ พนังการ ไม่สนใจลูกค้าเลย ได้แต่ยืนอยุ่ไกลๆ ไม่ประจำจุด ไม่ทั่วถึงเลย พอจะเรียกใล้บริการเรียกสั่งอาหาร เห็นเรายกมือมองนะค่ะ แน่มองผ่านละนิ่งละ เดินไปทางอื่น พอตะโกดเรียกก็ทำเป็นไม่ได้ยิน เสียความรู้สึกมากเลยค่ะ ถ้ามีบริการแบบนี้ ใครจะเข้าอีกค่ะ เราเห็นโต๊ะอื่นเรียกก็ไม่หันเหมือนกันค่ะ บริการแย่มาก
0,บริการแย่ จัดส่งล่าช้าถึงยี่สิบนาที พอแจ้งว่าจะเอาบัตรส่วนลดใช้ภายในวันนั้น ไม่ยอมให้ลูกค้าใช้ ผมก็ตีคืนออเดอร์ทั้งหมดเนื่องจากเป็นความผิดทางพิซซ่าคอมพานีเองที่จัดส่งไม่ตรงตามเวลาที่รับประกัน แถมผู้จัดการร้านยังทะเลาะกับลูกค้าอีก
0,ซึ้อ1แถม1น่าจะทุกขนาด ราคา159ได้แค่2หน้า คึนกําไรให้ลูกค้าได้แค่นี้เองเหรอ
0,วันนี้สั่งถาดใหญ่ 2 ถาด 1328 บาทเหลือบานเลย เพราะเค็มมากๆ ลดความเค็มลงหน่อยจะดีมากๆเลย
0,ซื้อ1 แถม1 แต่สั่งอย่าง ได้อย่าง ของฟรีอ่าเนอะ ทำไงได้
0,"วันนี้โทรไปOrder Pizza #1112 เวลา 20:34 น. ใช้เบอร์เดิมที่เคยสั่งประจำที่บ้าน แต่เปลี่ยนที่อยู่จัดส่งใหม่ รอไปประมาณ30นาที มีเบอร์ 092-2810673 โทรมาแจ้งว่า กำลังไปส่ง แต่จะช้าหน่อย .... รอต่อไปอีกครบ1ชั่วโมง โทรไปถามว่าถึงไหนแล้ว ก็บอกอีกว่ากำลังไปใกล้ถึงแล้ว ... รอไปอีก1ชั่วโมง15นาที โทรถามว่าถึงไหนแล้ว แต่กลับบอกว่า ""น้องลืมorderไว้ที่ร้านกำลังกลับมาเอา"" .... คงบอกได้เพียงว่า ""ไม่รอแล้วค่ะ cancelไปเลย"" เราไม่รู้หรอกน่ะ ว่าที่พนง.แจ้งมันจริงหรือเท็จ แต่บอกได้เลย คุณเสียลูกค้าที่ทานมาเป็น10ปี จากนี้ขอลาขาด #แย่มาก #thepizzacompany #1112 #เลิกกินตลอดชีวิต #โมโหหิว"
0,ถ้ากดให้ 0 คะแนนได้ก็จะให้ 0 วันนี้ได้ไปรับประทานที่สาขา เซ็นทรัลเชียงราย พนักงานบริการได้แย่มาก ไม่มี sarvice mind ใดๆทั้งสิ้น อยู่ๆก็เอาซอสมะเขือเทศมาวางแล้วเดินไปเฉยๆ สั่งพิซซ่าพนักงานบอกว่ารอประมาณ15 นาทีแต่จริงๆแล้ว รอครึ่ง ชม. สั่งไก่ทอดซอสเกาหลี รอ 1 ชม. เรียกพนง.มาสอบถาม 2 รอบ รอบแรกบอกให้รอกำลังทำพอรอบสองถึงได้ความว่าเตาไม่ค่อยดี แล้วทำไมไม่รู้จักบอกแต่แรก จะได้เปลี่ยนเมนู สุดท้ายได้ห่อไก่กลับ เพราะออกมาตอนเที่ยง ต้องรีบกลับไปทำงานต่อ เสียความรู้สึกมากๆ จะไม่มีทางกลับไปกินอีกแน่นอน
0,"อเข้าใจว่าเราไม่รู้จะสั่งอะไร เพราะถามโปรมีอะไรบ้างก็ไม่ยอมบอก พอจะเป็นที่เป็นเซท ราคาเท่ากัน ดันบอก void ไม่ได้ ไม่ได้โทษพนักงานนะ คนทำกฎว่าถ้าพนักงาน Void บิลเท่ากับทุจริต ให้จ่ายเอง คือ??ต่อไปไม่ต้องแดกแมร่งละ พิซซ่าเนี่ย แดกแบรนด์อื่นดีกว่า แบรนด์อื่นก็ Void บิลได้ไม่มีปัญหา"
0,"แม่ง ถ้าเป๊ปซี่มึงจะไม่ซ่าขนาดนี้ 109 บาท - เหยือกกูไปซื้อ 7-11 ขวด15 บาทมาแดกยังอร่อยกว่าเลย ไอ่แม่เย็ด"
0,สั่งพิซซ่า 1 ถาด ให้เครื่องปรุง 2 ซอง ทุเรศมากค่ะ นโยบายแบบนี้คิดได้ไงคะ มันแพงมากหรอเครื่องปรุง ละเดี๋ยวนี้ขอเครื่องปรุงเพิ่มกับพนักงานส่ง ก็บอกไม่มี เจริญ เลิกขายเถอะค่ะ ทำธุรกิจแบบนี้
0,ถ้าจะขึ้นสถานะรับออเดอร์แล้ว มีปัญหาก็น่าจะโทรแจ้งกลับมา ไม่ใช่ให้นั่งรอเลยเวลาถึงให้ลูกค้าโทรสอบถามเอง
0,"ขอให้เรตติ้งตามจริง กับสาขาที่ไปใช้บริการบ่อยที่สุดผู้จัดการ #สาขาTheWalkเกษตร แย่มากกกกกกกกกคนก็น้อยมากอยู่แล้ว หน้านี่ไม่รับแขก ทำตัวยุ่งตลอดเวลาหน้าแบบเหมือนแบกโลกไว้ทั้งใบ ไม่อมยิ้มเลย ถามคำตอบคำ คืออะไร ไม่เข้าใจ ควรปรับปรุงด่วน เพื่อเรียกลูกค้านะครับ"
0,"บริการห่วยมาก เวลามีปัญหาติดต่อไม่ได้สักช่องทาง facebook ไม่ตอบ live chat ก็ blocked โทรศัพท์โทรไปแล้วก็ตัดสาย"
0,สาขาMBKชั้น2 มานั่งนานมากๆไม่มีใครมารับออเดอร์ ไม่มีพนักงานเลย ไปยืนออกันที่หน้าเคาเตอร์อาหารอย่างเดียว พออาหารมา ซอสก็ไม่มีต้องเดินไปหยิบเอง อยากให้พนักงานใส่ใจมากกว่านี้
0,สั่งพิซซ่าในเวบชุดคู่พิซซ่าและไก่ ในเซตนี้มันจะได้พิซซ่าถาดกลางสองถาด ถาดนึงเป็นแป้งหนานุ่ม อีกถาดเป็นแป้งบางกรอบ และได้ไก่อีกสี่ชิ้น ทีนี้พนักงานโทรกลับมาว่าแป้งหนานุ่มหมด ขอเปลี่ยนเป็นแป้งบางกรอบแทนได้มั๊ย เราเลยถามเรื่องราคาไปว่าราคาจะลดลงหรือเปล่า (เราจ่ายตังผ่านบัตรไปแล้ว) แต่พนักงานบอกว่าราคาของแป้งบางกรอบแพงกว่าแป้งหนานุ่ม แต่ทางพิซซ่าจะคิดเป็นราคาเดิมให้ เราก็งงๆ เพราะคุ้นๆ ว่าแป้งบางกรอบน่าจะถูกกว่าแป้งหนานุ่ม ทีนี้เราเลยเข้าไปดูราคาในเวบปรากฏว่าแป้งบางกรอบราคาถูกกว่าจ้า ถูกกว่าตั้งร้อยนึงแหนะ
0,"วันนี้สั่งพิซซ่ากินที่ร้าน 2 ถาด ขนาดกลาง รวมเครื่องดื่ม เป็นเงิน 692 บาทจ่ายเงินเสร็จเรียบร้อย ในใบเสร็จด้านล่างบอกว่า ..#พิเศษ เพียงเข้าไปทำแบบสอบถามผ่านทางเว็บของร้านภายใน4วัน กรอกรหัสบนใบเสร็จลงในแบบสอบถาม รับฟรี ไก่นิวออลีน 6 ชิ้นเราก็เลยเข้าไปกรอกรายละเอียดจนเสร็จเรียบร้อยทุกขั้นตอน ได้รับรหัสแลกฟรีเรียบร้อย ทางเว็บของร้านจึงจะขึ้นข้อมูลทีหลังว่า .. #ขอบคุณสำหรับการกรอกแบบสอบถาม ท่านจะต้องซื้อพิซซ่าถาดกลางหนานุ่ม 1 ถาดขึ้นไปก่อน แล้วจึงจะสามารถนำรหัสนี้ไปแลกไก่นิวออลีนได้ฟรี 6 ชิ้นเข้าใจนะว่าเป็นกลยทธุ์ทางการตลาด แต่บอกไม่หมดแบบนี้ มันก็เกินไป .. ทำธุรกิจแบบนี้ควรจะเจ๊งไปเลยนะคะ แนะนำนะคะ ถ้าไม่ใจพอ ก็ ปิดไปเลยค่ะปกติให้คะแนน 4-5 ตลอด ต่อจากนี้ไป เอา 1 ไปละกัน เลิกกินค่ะ"
0,เมื่อวันที่ 02.04.60 ได้โทรสั่งพิซซ่าผ่านทาง 1112 โดยชำระผ่านบัตรเครดิต ทางพนักงานได้ขอรายละเอียดบัตรไปเรียบร้อย ปรากฎว่าหลังจากมาส่งพนักงานส่งบอกว่ายังไม่ได้ชำระ ซึ่งก็แจ้งไปแล้วว่าได้จ่ายผ่านบัตรเครดิตไปแล้ว แต่พนักงานส่งบอกว่าถ้าจ่ายแล้วยอดเงินตรงไหนสักอย่างจะเป็น 0 เลยคิดในใจไม่เป็นไรแล้วไปหยิบเงินมาจ่าย แต่พอวันนี้เอาบิลบัตรเครดิตมาดูได้มีการตัดบัตรไปอีก คืออะไร? ซึ่งได้มีการทวงถามไปแล้ว ถ้าคุณไม่เชื่อลูกค้าก็น่าจะโทรไปถามกับเจ้าหน้าที่ที่รับการสั่ง แล้วงี้ต้องทำไงคะ ซึ่งระยะเวลาก็ผ่านมานานแล้วไม่ได้มีการคิดเงินหรือตรวจสอบยอดเลยหรือคะว่ามีการจ่ายเกินไป ช่วยจัดการเอาเงินคืนให้ด้วยค่ะ ถ้าหากต้องการรายละเอียดเพิ่มเติม ib มาได้ค่ะ (อย่าถามถึงใบเสร็จนะคะ ทิ้งไปแล้วค่ะ)
0,"สั่งไก่ทุกเจ้าไม่รับออเดอร์ เลยลองสั่งพิซซ่า ตั้งแต่เที่ยงตอนนี้บ่ายสามยังไม่ได้กิน ไม่ได้กินไรแต่เช้ากินฟรีแม่งล่ะไม่สงสารเด็กมันล่ะรู้ว่าส่งไม่ได้ไม่ควรรับออเดอร์ โรคกระเพราะแดกห่าถ้าช้านิหน่อยไม่เป็นไรหรอก แน่3ชั่วโมง"
0,"ปรับปรุงนิสัยพนักงานบางคนที่ขี่รถส่ง pizzy หน่อยนะครับ มารยาททรามมาก ขี่รถตัดหน้ารถเรา เราก็เลยบีบแตรไปทีหนึ่ง มันวนรถกลับมาขี่ตีคู่แร้วเคาะกระจก พอเราเอากระจกลง มันถามว่า""มีปัญหาอะไรป่าว"" เหตุเกิดทิ่พัทยากลางนะครับ ฝากหน่อยครับ นักเลงมากเลย..."
0,ทำไมสั่งอาหารหน้าร้านต้องรอนานครับ ในเมื่อสั่งหน้าร้านแล้วสั่งกลับบ้านด้วยน่าจะเร็ว ผมโดนมา 2 ครั้งที่สั่งอาหารกลับบ้านผ่านหน้าร้าน แคชเชียร์บอกรออาหาร 15 นาที แต่ต้องรอถึงครึ่งชั่วโมง
0,จะเข้าไปทานพิซซ่าวันที่ 13 เม.ย.60 เวลา 19.05 น. ที่เซ็นทรัลพระราม 3 พนักงานเดินมาส่งที่โต๊ะ แล้วบอกอีกสักครู่จะมารับออเดอร์ ผ่านไปเกือบ 10 นาที พนักงานเดินมาอีกคน บอกเดี๋ยวมารับออเดอร์ แล้วก็หายไปอีก นั่งรออีก 5 นาที พนักงานไม่มีใครมารับออเดอร์สักคน จึงเดินออกจากร้าน แต่พนักงานก็ยังไม่มีใครสนใจ ถือว่าเป็นสาขาบริการที่แย่มาก
0,อยากทราบว่า เวลาปิดของ ร้านกี่โมงค่ะ คือ น้องชายจะกิน พิซซ่า ไปกินที่ซีคอน ศรีนครินทร์ 2 ทุ่ม ครึ่ง พนักงานบอกปิดแล้ว เเต่ป้ายบอกปิด 3 ทุ่มครึ่ง คืออะไร
0,บริการแย่ค่ะ call center พูดไม่ดี
0,ทำไหมคะ มากินกับลูกต้องสะบัดหน้าทำหน้ากวนตีน ไม่มีแนะนำอะไรใดๆ แดกหมดไป 1122 บาท ครั้งเดียวคะ
0,บริการเดลิเวอร์รี่โอเคนะคะ แต่สาขาเวสเกต ยอมรับว่าแย่ค่ะ
0,บัตรแพง แต่มีเงื่อนไข ไม่ร่วมขอบใหม่ ตอนทำบัตรไม่แจ้งด้วย
0,"สั่ง pizza ได้หน้าเท่าแมวดม"
0,ไปกินที่สาขากระบี่ พนักงานบริการแย่มากค่ะ
0,สั่งพิซซ่า 1 ถาด กับสปาเกตตี้ 1 จาน ที่สาขาเทสโกโลตัสกาฬสินธุ์ กินๆอยู่เจอของแถมเป็นกิ้งกือ รีบวางช้อนเลย..... คืออะไร จะอวกกกกกคะ รบกวนตรวจสอบขั้นตอนการปรุงอาหารด้วยนะคะ
0,อยากทราบว่า สั่งพิซซ่ากลับบ้าน ลูกค้านั่งรอในร้านไม่ได้ใช่ไหมคะ ต้องนั่งรอหน้าร้านอย่างเดียว หรือว่าไง
0,อยากให้ช่วยตรวจสอบให้ด้วยค่ะ วันนี้สั่งชุดพิซซ่าผ่าน 1112 มีสปาเก็ตตี้คาโบนารามาในชุดด้วย พอแกะกล่องสปาเกตตีออกทานได้กลิ่นบูดและเส้นสปาเกตตีแห้งแข็ง (ดูได้จากรูปที่ส่งมาในคอมเมนท์)เวลาเปิดทานประมาณ 7.00 pm เวลาสั่งตามบิล 4:57pm และเวลาที่ของมาส่งคือประมาณ 5:30pm อยากให้ตรวจสอบให้ด้วยค่ะว่า ทำไมอาหารที่นำมาส่งให้ถึงเป็นของบูดเสียแบบนี้ ดูแล้วไม่ใช่ของทำใหม่ๆแน่นอนค่ะ
0,ถ้ามีcall center วีนเหวี่ยงแบบนี้ไม่ต้องมีดีกว่าคะ
0,สั่งมาหลายครั้งละ มารอบนี้เจอพนักงานส่งพิซซ่ามาช้าแถมกดส่งของแล้ว. พอมาถึงมาเหวี่ยงใส่หาว่าไม่มีตังทอนเพราะเจ้าแรกให้แบงค์พัน พูดจาใหญ่โตวางมาดนักเลง มีการเถียงบอกแล้วต้องให้ผมออกไปแลกตังหรอ ทั้งที่ในแอพสั่งของก็มีระบุให้เตรียมตังทอนมาด้วย นี่สั่งของเสียตังนะไม่ใช่กราบตีนขอแดรกฟรี (ขออภัยที่ต้องพูดคำไม่สุภาพ). ความผิดคุณหรือผม. มารยาทแย่ ต่อไปนี้อย่าได้กินอีกเลยแบรนด์นี้ แถมไม่มีการขอโทษสักคำ ขยาด
0,ปรับรุ่งด่วนค่ะ พนักงานแย่มากเรียกรับOrderก็พูดแต่ว่าสักครุ่นะค่ะเพือ จานบนโต้ะก็ยังไม่ได้วางให้มา5คนจานมีแค่2ใบ อีกอย่างสั่งน้ำเป้นรีฟิลโค้ก2แก้ว แทนที่จะเอาน้ำมาเติมกับเปลี่ยนแก้วให้พนักงาน งงอะไรรึป่าวค่ะหมดอารมณ์ในการกิน พนักงานก้ช้ามากทั้งที่ลูกค้าก้ไม่เคยมี อีกอย่างเรื่องที่นั้ง มาผุ้ใหญ่4เด้ก1ให้ต่อโต๊ะยาวทำไมสุดท้ายก้อต้องกลับมานั้งโต๊ะ4ที่นั้งอยุ่ดีวุ่นวายมาก
0,"วันนี้โทรไปสั่งสปาเก็ตตี้ขี้เมาทะเล มาค่ะ 2กล่อง และอย่างอื่น นัดรับเองที่โลตัสนครปฐมค่ะ เรานัดเวลาเองคือ 30 นาทีจากที่โทรสั่ง พอมาเอาได้ตามเวลานะคะ แต่พอกลับบ้านมากินนี่แทบอยากจะเอาไปโยนหน้าร้านเลยค่ะ เค็มมาก กไก่ กี่ตัวก็ไม่พอ เสียความรู้สึกมากค่ะ กล่องละ 139×2 แต่ได้กินแค่ปลาหมึกกับกุ้งไม่กี่ชิ้น เพราะมันเค็มมากจริงๆค่ะ แต่พิซซ่าพัฟ กับ ไก่บาร์บีคิวโอเคนะคะ ถ้ามันเค็มมากทั้งหมดเราไปแน่เคยกินมาก็หลายครั้งแต่ไม่เคยเค็มเหมือนครั้งนี้เลย ช่วยบอกหน่อยว่า ถ้าเราเอาไปให้พนักงานลองชิมอีกกล่องที่กำลังจะลงถังขยะเพราะเค็มมาก ไม่กล้ากินแล้ว จะโดนพนักงานด่ากลับมาไหมคะ (ก่อนโทรสั่งไปยืนรอคิวหน้าร้านค่ะแต่มีคนสั่งอยู่ก่อนแค่1คิว เราก็รอ ไม่มีพนักงานเดินมาสอบถามอะไรทั้งสิ้นทั้งๆที่ยืนคุยกันอยู่แค่นั้นเพราะลูกค้าน้อย รออยู่10นาที ถ้าจะรับออร์เดอร์กันนานขนาดนี้ มีคนเยอะไว้ทำอะไรคะ เราเลยทนไม่ไหวใข้โทรสั่งแล้วไปรับเองทีหลัง) 1.ควรปรับปรุงเรื่องบริการนะคะ 2.มีมาตรฐานในการทำไม่เหมือนกันหรือไงคะ. ทำไมรสชาติถึงได้เค็มขนาดนี้ เหมือนตกบ่อเกลือมาเลย"
0,เอาตรงๆนะคะ แย่ๆๆมากที่สุดค่ะ การบริการ เมื่ออาทิตย์ที่แล้วไปทานที่ร้าน ต้องได้ต่อโต๊ะเอง จัดการเอง เรียกพนักงาน 2-3 รอบก็ยังไม่มีใครมา พอเอาออร์เดอร์มาบอกจะมารับออร์เดอร์นะคะ ผ่านไป20 นาทีก็ยังไม่มีใครมา ยกมือเรียกเพื่อให้พนักงานรู้ บอกรอพิซซ่า15-20 นาทีนะคะ พิซซ่ามาจริงๆ 1 ชั่วโมง วันนั้นสั่งบางกรอบ 2 พาสต้า 1 น้ำโค้ก 2 เหยือก ผ่านไปเกือบครึ่งชั่วโมง ได้น้ำมาเหยือกเดียว รินไปได้แค่4 แก้วก็หมด อีก4คนก็นั่งรอ พาสต้ามาแล้วก็จนผ่านไปเกือบ 20 นาที พิซซ่าก็มา ทานพิซซ่าหมด แต่น้ำก็ยังไม่มา ทานทุกอย่างจนหมด แต่ได้สั่งน้ำแล้วไงเลยถามพนักงาน สรุปวันนั้นอีก4 คนได้รอน้ำโค้กเหยือกที่2 หลังจากทานทุกอย่างหมดแล้ว (พนักงานที่มาบริการจาน ช้อน มือจะจิ้มตาเราอยู่แล้ว วางเสียงดังปร้วงเปรี้ยง เราได้จัดเอง) หรือเราเป็นคนไทยมีทริปให้ไม่เยอะ เหมือนชาวต่างชาติรึยังไง ทำไมบริการได้ แย่ จัง
0,วันนี้ไปใช้บัตร1แถม1 ดันใช้ไม่ได้กับขอบเบอร์เกอร์ ตอนจะซื้อบัตรก็ไม่บอกว่าใช้ไม่ได้. ถามก็ได้แต่บอกว่าเป็นโปรโมชั่นเลยใช้ไม่ได้ ตอนขอบพิเศษรอบก่อนๆชีสซี่บัน ยังใช้ได้เลย แล้วไอ้ขอบเบอร์เกอร์มันโปรตรงไหน ราคาปกติชัดๆ
0,"วันนี้ไป The Pizza Company สาขาบิ๊กซีลพบุรีคนเดียว สั่งผักโขมอบชีสและปีกไก่ทอดสไตล์เกาหลีและน้ำเปล่า พนักงานได้นำน้ำเปล่ามาเสริฟก่อน นั่งรอต่อประมาณ 15 นาที พนักงานเค้าเตอร์ที่ในครัวกดกริ่งประมาณ 3 รอบ เพื่อเรียกพนักงานเสริฟนำผักโขมอบชีสมาเสริฟ(ดูเหมือนพนักงานที่นี่ไม่ค่อยใส่ใจการทำงานสักเท่าไร) นั่งทานจนเกือบหมดแล้วรู้สึกว่าทำไมยังไม่ได้ปีกไก่ทอดฯเพราะสั่งไปนานมากจึงดูเวลาที่ออกในบิลที่พนักงานวางไว้บนโต๊ะเป็นเวลา16.21 น. จึงเรียกพนักงานมาถามว่าปีกไก่ทอดฯที่สั่งไปจะได้หรือยัง สักพักนึงพนักงานได้นำไก่ทอดฯมาเสริฟดิฉันจึงมองนาฬิกาปรากฎเวลา 16.53 น. ซึ่งตั้งแต่พนักงานรับออเดอร์ไปดิฉันได้สูญเสียเวลาถึงครึ่งชั่วโมงกว่าๆ เพื่อนั่งรออาหารที่ยังไม่ได้ด้วยความหิว(โต๊ะมาทีหลังสองคนได้สั่งกินหมดไปแล้วและได้เช็คบิลกลับไปแล้วแต่ดิฉันพึ่งจะได้รับไก่ทอดฯ) บอกตรงๆค่ะว่าไม่ค่อยประทับใจในการบริการครั้งนี้สักเท่าไร ถ้ารู้ว่าอาหารที่สั่งต้องนั่งรอนานขนาดนี้คงไม่เข้าไปทานแน่นอนค่ะ และอยากทราบว่ามาตรฐานที่ The Pizza Company มีคืออะไร?  หรือเพราะดิฉันมาทานเพียงคนเดียวจึงไม่ต้องได้รับการบริการที่ดี?"
0,ขอติหน่อยนะคะ พนักงานคอลฯนี้โง่หรืออะไรคะ ทำไมไม่เข้าใจที่เราถาม เรื่องมันมีอยู่ว่า เราสั่งของผ่านแอพฯ เราตรวจสอบสถานะสินค้า สินค้าจะถึงในเวลา19:55 แต่คือ เราถามพนง.คอลฯว่า ทำไมในแอพฯถึงขึ้นว่าจัดส่งเรียบร้อยแล้ว ทั้งๆที่ยังไม่ได้รับสินค้า เราถามพนักงานคอลฯ พนักงานไม่เข้าใจที่เราถามคือนางเข้าใจว่า มันยังไม่ถึงเวลาจัดส่ง คือเรารู้ค่ะ ว่ามันยังไม่ถึง19:55น. แต่ที่เราถามว่า ทำไม ในสถานะการจัดส่งสินค้าถึงขึ้นว่าได้ จัดส่งสินค้าเรียบร้อยแล้ว แค่นั้น (เราแค่กลัวว่าจะส่งผิด) ทำไมถึงตอบไม่ตรงคำถาม นางตอบอย่างเดียวว่า ยังไม่ได้ถึงเวลาค่ะ คือเรารู้ค่ะ ว่ายังไม่ถึงเวลา แต่แค่ไม่เข้าใจว่าทำไมในแอพฯถึงขึ้นว่าจัดส่งเรียบร้อยแล้ว แค่นั้น เราไม่ได้จะเร่งรับสินค้าค่ะ ปรับปรุงด้วยนะคะ ปกติสั่งบ่อยนะคะ แล้วพนักงานคอลฯเวลาพูดชื่อตอนรับสายน่ะ กรุณาพูดใหชัดเจนด้วยนะคะ จะได้คอมเพลนถูก ไม่ต้องพูดแบบรีบไปตายค่ะ ลูกค้าฟังไม่ทัน
0,สาขากระบี่พนักงานแย่มาก พอเราถามซื้อหนึ่งแถมหนึ่งมันบอกไม่มี แล้วของที่สั่งรอนานมากกว่าจะได้กินต้องโมโหก่อนถึงจะได้กิน ไปใช้บรการบ่อยมากแต่ก็เจอแบบนี้ตลอดคะ เน้นคะเน้นสาขากระบี่
0,วันพฤหัสบดี ที่ 13 เมษา 2560 เวลา 17.00 น. ได้ไปสอบถามพนักงานว่า มีโปรโมชั่นซื้อ 1 แถม 1 ไหม พนักงานตอบมาว่า มี แต่ต้องเป็นสมาชิกแล้วสั่งกลับบ้าน เลยได้สั่งพิชซ่ากลับบ้านพร้อมกับสั่งเมนูอื่น ไก่บาร์บิวคิ้ว 6 ชิ้น ฟิชฟิงเกอร์ ชิกเก็นสติ๊ก สปาเกตตี เพื่อที่จะนั่งกินที่ร้าน ปรากฏว่าพนักงานบอกว่า ทานพิชซ่าในร้านไม่ได้ถึงจะสั่งกลับบ้านหรือมีสั่งเมนูอื่นมาทานก็ห้ามทานพิชซ่าในร้าน แบบนี้ก็ได้หรอค่ะ ? งงเด้ งงเด้
0,วันนี้สั่งพิชซ่าสาขาซอยมังกรเปนเมเนเจอร์ที่รับออเดอร์เปนผู้ชายหน้าตาไม่ยิ้มแย้มแถมทำหน้าไม่พอใจอิก คือไม่ได้มาขอกินฟรีนะค่า ไม่ทราบว่ามารยาทแบบนี้ขึ้นมาเปนหัวหน้าได้ยังงัยนิสัยแย่ บริการแย่มาก พิชซ่าที่ได้แป้งเหนียวมากชื้อมาก๊แพงแต่คุณภาพไม่คุ้มค่ากับราคาเรย แย่
0,ไม่มี 0 ดาวหรอครับ สาขาสัตหีบ บริการเชี้ยมากไม่เชื่อลองปลอมตัวไปกินดู ถ้ามึงไม่เต็มใจทำงานทำไมไม่ลาออกไปอยู่บ้านวะ พวกเด็กฝึกงานโอเครอยู่นะ ส่งคนไปดูหน่อย
0,จะยกเลิกรายการที่ทำออนไลน์หรืออะไรก็ไม่แจ้งกันก่อน เงินโดนตัดผ่านบัญชีไปแล้ว ยังต้องชำระเงินสดเอง เข้าใจว่าจะโอนเงินคืนให้ แต่ต้องรออีก 7 วันทำการ ถ้าผมรู้อย่างนี้จะขอยกเลิกการสั่งทั้งหมดครับ ปรับปรุงการสื่อสารหน่อยนะครับ ไม่ประทับใจมากๆ
0,บริการแย่มากๆที่สาขาพาซิโอ้ลาดกระบัง เข้ามายืนรอจะสั่งอาหารพนักงานแม่งยืนเฉยยยไม่แนะนำอะไรสักอย่างแถมหน้าอย่างกะตูดเหมือนกูมาขอมันกินฟรีอ่ะ
0,"ขอบ เบอร์เกอร์ชีสหมู แย่มากครับ ไม่คุ้มค่ากับที่เก็บเพิ่ม 300 มาก ไม่อร่อยเลยเสียความรู้สึกมากครับ"
0,พิซซ่าหน้าแฮม&เบคอน 159 บาท มีแต่แป้งค่ะ หน้าน้อยมาก แลดูเหมือนสั่งแป้งมากินมากกว่า เอาเปรียบผู้บริโภคค่ะ
0,พนักงานสาขาร้านริเวอร์ไซด์พลาซ่าแย่มาก ขนาดสั่งอยุ่ตรงข้างหน้ายังไม่สนใจเลยมัวยืนเล่นโทรศัพท์
0,ห่วยมาก ๆ เลยครับ คุณภาพแย่ลงเรื่อย ๆ เสียดายเงิน เสียดายปากที่รับประทานเข้าไป
0,บริการจัดส่งยอดแย่อันดับติดลบเลยมาช้ามากๆที่ระนองประมาณ40นาทีขึ้นไปอ้างว่าเข้าไม่ถูกซะงั้น
0,พิซ่าแป้งบางกรอบเปลี่ยนมาเป้นแป้งพาย ไม่มีความอร่อย ไม่กรอบ อมน้ำมัน ผิดหวังสุดๆ
0,"พอโทรสั่ง_บอกโปรนี้ต้องสั่งทางเวปแม่งหลายช่องทางแต่ไม่ใช่จะใช้ได้ทุกช่องทาง"
0,โทรสั่งวันนี้หน้าน้อยมากๆๆๆๆๆ เหมือนกินหนมปังเปล่าๆๆกับซอส
0,ซื้อไอสครีมที่ร้านหน้าสุขุวิท71 ได้ไอสครีมเน่า
0,"ทางร้านคุณรวมทั้งเจ้าหน้าที่คอลเซนเตอร์ทำงานได้แย่มากไม่แคร์ความรู้สึกลูกค้าเลย เราสั่งพิซซ่า ไปตั้งแต่11.50 ของวันที่ 12.4.2560 รับออเดอร์เรียบร้อยแจ้งว่า30 นาทีจะเข้ามาส่งเราก้อรอจนเวลา 12.50 มีเจ้าหน้าที่ติดต่อมาว่ากำลังจะเข้ามาส่งจากเซนทรัลชิดลมมาส่งตรงราชดำริ ไม่น่าเกิน 15 นาที แต่เราทิ้งระยะให้เราโทรตามอีกครั้งที่เบอร์เดิมที่โทรเข้ามาว่าจะเข้ามาส่งพิซซ่าเวลา 13.20 นาที มีเจ้าหน้าที่รับสายและแจ้งว่าไม่มีออเดอร์ของเรา คือเรางงมากเมื่อครึ่ง ชม ที่แล้ว แจ้งว่ากำลังเข้ามาส่งโทรไปอีกทีบอกไม่มีออเดอร์ และคือรอมา 1.30 ชม คือพวกคุณทำอะไรกันอยุ่ เราโทรตามที่call center ที่เบอร์1112 แต่ไม่ได้รับช่วยเหลือใดๆทั้งสิ้น เราโทรไปที่สาขาเซลทรัลชิดลมอีกครั้งเพื่อติดตามก้อยังแจ้งว่าไม่มีออเดอร์ของเรา จนเราแจ้งยกเลิกทางคุณแจ้งมาว่า ค่ะ.ครับ แค่นี้คือจบใช่มั๊ย ความรู้สึกลูกค้าที่ทนรอกินซิซซ่าคุณสิ่งที่จะได้กลับมาคือเอ่ออ ยกเลิกก้อยกเลิกไปแบบนี้หรอ ปกติเราสั่งพิซซ่าคุณบ่อยมาก แต่นี่จะเป็นครั้งสุดท้ายที่จะลืมแบรนด์คุณไปตลอดชีวิตและบอกชั่วลูกชั่วหลานอย่าไปโทรสั่งอย่าไปเข้าร้านคุณอีกเพราะคุณบริการและระบบแย่สุดๆๆ  ปล. พอเรายกเลิกเรียบร้อยไปหาข้าวกิน  มีเจ้าหน้าที่มาส่งพิซซ่าและแจ้งว่าทาง ผู้จัดการบอกให้มาส่งพิซซ่าให้กินฟรี ขอโทษนะคะ เอากลับไปเถอะค่ะ อยากได้บริการที่ดีที่ใส่ใจลูกค้า ลูกค้ามาอันดับ1 ไม่ได้อยากกินของฟรี #เลิกกินพิซซ่าคอมปะนีตลอดชีวิต#โคตรเสียความรู้สึก"
0,ไปปรับปรุงเว็บใหม่นะ pizza hut ยังสั่งง่ายกว่า
0,นที่ 11 เมษา 19.22 มาทานเดอะพิซซ่าคอมปะนี สาขาโลตัสพระราม 1 สั่งพาสต้าแฮมเห็ดมาทาน พนง.นำมาเสริฟ สภาพแย่มาก เหลวเป็นน้ำ ไม่ข้น ไม่มีความน่ารับประทาน เส้นแข็งเหมือนลวกไม่สุก ราคาเท่าเดิมแต่คุณภาพแย่มาก ปรับปรุงด่วน
0,ทื่อวายไปซื้อพิซซ่าสาขาย่อยใกล้ตลาดอุ้ยทา(เส้นทางเชียงใหม่-สันกำแพง)ป้ายหน้าร้านติดซื้อ 1 แถม1พอสั่งบอกไม่มีโปร หมดโปรแล้ว..ติดทำเพื่อ....อะไร..สั่งสปาเกตตี้ผัดขี้เมาทะเล สิ่งที่ได้ ไม่เหมือนในรูปเลยที่แนะนำเล๊ย..ได้กล่องแพ็คเล็กๆๆมามี เศษกุ้ง เศษปลาหมึก ....ไม่สมราคาเลย..139บาท พอเลยประทับใจไม่ลืมเลยหละ
0,สมัครบัตรสมาชิก แล้วพนักงานเขียน EXp 3-7-2017 คือเป็นใครต้องเข้าใจว่าหมดเดือน 7รึป่ะ สั่งออนไลน์แล้วไปรับเองที่หน้าร้าน พนักงานบอกบัตรหมดอายุซะงั้น ทำไมไม่บอกตั้งแต่ตอนสั่งค่ะว่าบัตรหมดอายุแล้ว จะได้ไม่ต้องเสียเงินค่าโทรศัพท์ เสียค่าน้ำมันวิ่งไปเอา แล้วได้คำตอบว่าต้องสมัครบัตรใหม่ เซ็งๆๆ แจ้ง สคบ ดีม้ะ
0,วันนี้ได้โทรสั่งออเดอร์ไป แจ้งที่อยู่กับพนักงานไป พนักงานดูงงๆ พอถึงเวลาต้องส่ง พนักงานจัดส่งโทร สรุปว่าไปผิดหมู่บ้าน โทรกลับไป call center ปรากฏว่าที่อยู่ผิดหมด ทั้งหมู่บ้าน ถนน และตำบล แบบนี้ไม่โอเคเลยค่ะ พนักงานไม่รอบคอบ
0,พี่ค่ะมาติดต่อแล้ว ทางแหลมทองระยองรับเรื่องแต่ที่มาใช้สิทมันสาขาบางแสนนะค่ะ แล้วทำไมสาขาระยองถึงติดต่อกับมาทั้งที่ใบเสร็จมันก็บอกว่าสาขาบางแสนแล้วตั้ง2อาทิตย์ไม่ติดต่อกลับมาต้องมาติดต่อขอรับเอง นี่มันเป็นการบริการกันยังไงค่ะ แล้วจะมีโปรโมชั่นใันเกิดมาเพื่ออะไร?
0,"พอดีวันนี้ช่วงเย็นไปซื้อะิซซ่าที่สาขาบิ๊กซีลำปางทั้งๆที่ดูเมนูอยู่หน้าร้านพนักงานก็เห็นแต่ไม่เห็นมีออกมาต้อนรับ พอเข้าไปในร้าน นึกว่าพนักงานจะเดินเข้ามาหาก็ไม่เห็นมีต้องให้เรียกถึงจะมารับออเด้อ ทั้งๆที่พนักงานก็มีเยอะ แถมลูกค้าก้มีไม่กี่โต๊ะ!! อยากให้ปรับปรุงการต้อนรับบ้างน่ะค่ะ พอดีว่ามาซื้อกินไม่ได้มาขอกินค่ะ"
0,เนื่องจากทำการสั่งพิซซ่า ผ่านเบอร์ 1112 ทางผู้รับสายเชคปลายทางการจัดส่งเรียบร้อย รับออเดอร์เรียบร้อย สักพักทางสาขาย่อยโทรมา ไม่สามารถส่งให้ถึงบ้านได้ เนื่องจากนอกพื้นที่ ทั้งๆที่บ้านผม อยู่ห่างจากจุดที่ทางpizza company จะจัดส่งให้ไม่ถึง 1 กม. ...... 1. ถ้าคุณแจ้งแต่แรกผมก็จะได้ไม่ต้องสั่ง 2. Delivery service คุณทำได้แค่นี้หรอ 3. การที่ลูกค้าโทรสั่งทานที่บ้านนั่นคือ เค้าไม่สะดวกออกไปข้างนอก แต่ทางบริษัทคุณให้ไปรับกลางทาง 4. ค่าจัดส่งก็มีค่าใช้จ่ายแต่ส่งไม่ถึง คุณจะเก็บค่าจัดส่งทำไมครับ 5. ถ้าบริการได้แค่นี้ยกเลิกระบบdelivery เถอะคับ
0,สั่งแบบdelivery แต่ก่อนระบบผูกไว้กับสาขาประชาชื่น ซึ่งเป็นสาขาที่ดีมาก พิซซ่าอร่อย หน้าแน่น ไม่หลุด ส่งไว บริการดี แต่พอมีสาขาซูพรีมเพิ่มขึ้นมาในพื้นที่ ระบบเลยปัดไปผูกกับสาขานั้นแทน ซึ่งมันไม่โอเคเลย เจอพิซซ่าหน้าหลุดตอนกัดทุกครั้ง ส่งก็ช้าเลทไป20นาที โดยที่ไม่โทรแจ้งล่วงหน้า เข้าใจว่าโปร1แถม1วันสุดท้าย คนสั่งจะเยอะ แต่ก็ควรแจ้งว่าอาจจะส่งล่าช้า เรารอได้ แต่ก็เงียบหาย ไม่เหมือนกับสาขาประชาชื่น ช้ายังไงก็โทรบอกตลอด คิวเยอะทำไม่ทันก็โทรมาขอแคนเซิ่ล ซึ่งเรารับได้ แต่หายค๋อมแบบไม่ใส่ใจ แล้วจะให้ลูกค้าโทรเร่งไปที่call center มันไม่ใช่เรื่อง สาขาซูพรีมมันไม่โอ
0,โทรสั่งพิซซ่าถาดกลางไปที่สาขาหน้ามอแม่โจ้ วันนี้ลูกค้าอาจจะเยอะ เราเข้าใจ คอลเซนเตอร์บอก 30 นาทีเราก็รอๆๆ จน 1 ทุ่ม ร้านโทรมาบอกว่า รออีก 1 ชม นะคะร้านจะจัดส่งให้ ไม่มีคำขอโทษใดๆจากร้าน ด้วยความที่น้องเราอยากกิน และเราก็รอไปแล้ว 1 ชั่วโมง รออีกชั่วโมงก็ได้ เราก็เลยบอกร้านไปว่า โอเคเราจะรอต่อนะคะ จนกระทั่ง 2 ทุ่ม ไม่มีสัญญาณใดใดจากร้านเลย จนเราทนไม่ไหวละ โทรกลับไปเบอร์ที่ร้านโทรมา ร้านบอกเรากับเราว่า ลูกค้าเยอะ รอต่ออีก 1 ชั่วโมงได้ไหม ถ้าไม่เอาก็ยกเลิกออเดอร์ไปเลย ไม่มีแม้แต้คำขอโทษจากร้านเลย เราผิดที่เราบอกว่าเราจะรอต่ออีก 1 ชั่วโมง แต่ร้านควรจะบอกเราตั้งแต่ทีแรกมั้ย ว่าจัดส่งให้ไม่ได้ เสียความรู้สึกมาก เพราะสาขานี้เราซื้อบ่อย ทั้งซื้อจากร้านและโทรสั่ง
0,"เมื่อสักครู่นี้เข้าไปซื้อหน้าร้าน บอกไม่รับออเดอร์หน้าร้านแล้ว ออเดอร์เยอะ ไม่เคยเจอที่ไหนปฏิเสธลูกค้าแบบนี้เลยค่ะ - -"" สาขาแถวพระราม 4"
0,โทรสั่งก็ไม่ได้ สั่งออนไลน์ก็ไม่ได้ สั่งในแอปก็ไม่ได้ สั่งเป็นชั่วโมงยังสั่งซื้อไม่ได้ หิวก็หิว โมโหหิวสัสสๆ โอเค สั่งไม่ได้ ก็ไม่แดกก ไอเหี้ยยยยยย จะสองชั่วโมงสั่งหีแตดอะไรไม่ได้เลย ไม่แดกแล้วไอเหี้ยยยยยยยยยยยยยยยยย
0,สั่งพิซซ่า ไปตอน 11.30 กว่าจะได้กิน บ่ายสามโมง คอลเซ็นเตอร์ไม่มีการประสานงานใดๆทั้งสิ้น ไม่ได้รับการติดต่อกลับจากสาขาแต่อย่างใด สาขา ยูไนเต็ด เซ็นเตอร์ บอกว่าทำบิลหาย หาไม่เจอ ก็เลยไม่คิดจะติดต่อใคร ถ้าลูกค้าไม่ถาม ก็คงไม่ได้กิน ปรับปรุงด่วนนะคะ แย่ คราวหลังถ้าไม่พร้อมจะำโปรโมชั่น ก้อย่าทำเลยนะคะ เสียลูกค้า
0,"ดีบ้าง ไม่ดีบ่อยกว่า ชอบส่งช้า = ="" กำหนดส่งเวลาหนึ่ง เลยเวลากำหนดเป็นชั่วโมง .... ไม่เวิร์ค"
0,สั่งอาหารผ่านทางแอพพิเคชั่น เวลา 19.00 น. วันที่ 27.03.2017 ชำระเงินผ่านบัตรเดบิต เรียบร้อย แต่บัตรเดบิตเราไม่ผ่าน แต่พนักงานไม่สามารถโทมาแจ้งได้ แต่พอเราได้ตรวจสอบในแอพพิเคชั่น ได้ระบุว่า เรากำลังส่งอาหารให้คุณ ผมรอมาประมาน 45นาที แต่พนักงานไม่สามารถโทกลับมาแจ้งลูกค้าได้ ทุเรสมาก
0,เดี๋ยวนี้สั่งซื้อเดลิฯ ต้องรอถึงขนาด 1 ชั่วโมงกว่าเลยหรอคะ ??
0,สาขาเซ็นทรัลพลาซ่าอุบลฯ ที่โต๊ะไม่มีซอส ขอซอสพนักงานเรียกมาไม่มีใครสนใจซักคน จนต้องเดินไปเรียก พอเดินมาถึงโต๊ะก็วางขวดซอสกระแทกใส่โต๊ะแล้วสะบัดหน้าเดินออกไปอย่างรวดเร็ว =___= ประทับใจจริงๆค่ะ แหม่.
0,"ไปใช้สิทธิ์วันเกิดที่สาขาโลตัส ภูเก็ตมาวันนี้ (26.3.60) ไม่ประทับใจเลยค่ะก่อนหน้านี้ก็เคยไปใช้สิทธิ์วันเกิดเมื่อ มค ที่ผ่านมา(วันเกิดพี่ชาย) ไม่ต้องลงทะเบียนผ่านเวปไซด์แต่ตอนนี้ต้องลงทะเบียนก่อนใช้สิทธิ์ (ตรงนี้ไม่ใช่ประเด็น)ประเด็นคือ คุณเปลี่ยนระบบใหม่แต่มันไม่เสถียร แล้วก็นำมาให้ลูกค้าใช้ ดิฉันก็กรอกข้อมูล ชื่อ-สกุล วันเดือนปีเกิด และสาขาที่มาใช้สิทธิ์เรียบร้อย ระบบขึ้น QR Code ก็นำไปแจ้งที่เคาน์เตอร์พร้อมบัตร ปชช ...ปรากฏว่าไม่สามารถยิงโค้ดเข้าระบบได้ พนง. แจ้งว่างั้นจะลดให้ตอนคิดเงิน ดิฉันก็โอเคกลับมานั่งที่...อาหารก็ทยอยมา กำลังรับประทานไปได้ซักพัก พนง.เดินมาสอบถามถึง QR Code เพื่อจะนำไปเข้าระบบอีกครั้ง ดิฉันก็เปิดโทรศัพท์ใหม่ และสอบถามว่าต้องเข้าไปดูตรงไหน หน้าจอตะกี้มันหายไปแล้ว พนง.แจ้งว่าต้องเข้าใหม่ และกรอกข้อมูลใหม่หมด ดิฉันก็บ่นไปว่าเมื่อสักครู่บอกว่าจะลดให้ตอนคิดเงินนิคะ พร้อมกรอกข้อมูลให้ใหม่ แต่คราวนี้ไม่สามารถกรอกปีเกิดได้ (ระบบมีถึงแค่ 2545) จึงเดินไปสอบถามที่เคาน์เตอร์ พนง.ก็แจ้งว่างั้นไม่เป็นไร เดี๋ยวจะลดให้เองตอนคิดเงิน ....เอิ่มมม!!!! คืออะไรคะ???ตอนใช้สิทธิ์ มค พนง.เดินเอาของที่ระลึก(กระเป๋า) มาให้ถึงโต๊ะ ...คราวนี้ไม่มี พนง.นำมาให้เลยค่ะ คิดในใจว่าเดี๋ยวค่อยสอบถามตอนคิดเงิน ...ทานเสร็จกำลังจะไปคิดเงิน พนง.นำใบเสร็จฉบับใหม่ที่ลดพิซซ่าถาดเล็ก (สิทธิ์วันเกิด) มาเปลี่ยนให้ ดิฉันก็นำใบเสร็จฉบับใหม่ไปคิดเงิน พร้อมสอบถามกระเป๋า พนง.แจ้งว่าของอาจจะหมด ให้มารับวันหลังหรือจะนำส่งให้ที่บ้าน ขณะเดียวกันก็ให้ พนง.อีกคนไปดูกระเป๋า ปรากฏว่ายังมีกระเป๋าเหลืออยู่ก็นำมายื่นให้ดิฉัน ....มันก็น่าจะจบตรงนั้นค่ะแต่พอกลับถึงบ้าน เปิดดูกระเป๋า ซึ่งเป็นของที่ระลึกจาก the pizza company ถึงกับอึ้งค่ะ ...คุณเอากระเป๋าแบบนี้มาให้ลูกค้าได้ยังไง นี่คือจุดที่ตัดสินใจโพสต์เรื่องราวที่เกิดขึ้นดิฉันเป็นลูกค้าของคุณมานานมาก และไปใช้บริการที่สาขานี้บ่อยมาก แต่สิ่งที่ได้รับในวันนี้ทำให้รู้สึกผิดหวังกับบริการของคุณมากค่ะ"
0,ผิดหวังกับพิซซ่ามากไปทานวันนี้ห่อฟิชฟิงเกอร์กับชิคเก้นสติกกลับบ้าน บอกพนังงานย้ำสองรอบว่าขอซอสทาท่าร์ซอสกลับบ้าน สุดท้ายก้อลืมให้มา หงุดหงิดมากคะ เพราะให้ซอสมะเขือเทศมามันไม่เข้ากันเลย อย่าคิดว่าเรื่องนี้เป็นเรื่องเล็กๆนะค่ะ เพราะดิฉันทานพิซซ่าหลายสาขามาก แต่สาขานี้ไปไม่โอเคคะ พิซซ่าคอมสาขาเทสโก้โลตัสถลางค่ะ ภูเก็ต
0,"สั่งไปตอน 18:46 ระบบบอกว่า ออเดอร์จะถึง 19:15 ตอนนี้ 19:55 ละจ้าาาาา ยังไม่โผล่มาเลยโทร.ไปตามรอบนึงละ ไม่เอาได้มั้ย รำคาญ"
0,อย่าสมัครสมาชิกเลยครับ ถ้าไม่อยากเสียค่าโง่แบบผม
0,อีกครั้งที่ลืมซอสให้ โปรหนึ่งแถมหนึ่งแล้วลืมซอส คืออะไรครับ เด็กๆรอรอทานผิดหวังเดือดร้อนต้องออกไปหาซื้อเอง เป็นครั้งที่สามแล้วที่สั่งออนไลน์แล้วเป็นแบบนี้ ไม่ต้องปรับปรุงแล้วครับ ปิดไปเถอะ
0,สาขาโลตัสอุตรดิตถ์ หนักงานเเย่มาก ชักสีหน้าใส่ลูกค้า เรียกเพื่อนพนักงานด้วยกันหันมามองด้วย ช่วยปรับปรุงด้านบริการด้วยคะ ถึงลูกค้าจะไม่ใช่พระเจ้าเเต่คุณรักที่จะบริการเเล้วก็ควรทำมันให้ดี ไม่ใช่มามองชักสีหน้าแบบนี้ เเย่ๆ
0,"หิวมากเลย สั่งไปจะสองชั่วโมงแล้วยังไม่ได้กินข้ออ้างคือระบบผิดพลาดๆ จะรับมั้ยๆ ไม่มีขอโทษลูกค้าซักคำ"
0,สาขาสนามเป้า สั่งพิซซ่า 1 ถาด หน้ามาแค่ครึ่งถาด คือไรคะ
0,สั่งพิซซ่าตั้งแต่ 17.49 มาส่ง 18.52 โทรไปสอบถามบอกคนส่งออกมาส่งแล้วมีส่งหลายเจ้า จากการสอบถามคนส่งบอกมีผมส่งคนเดียว ควรปรังปรุงบริการนะค่ะ การวางแผนในระบบ บุคลากรพอหรือไม่พอ น่าจะมีการวางแผนที่ดีกว่านี้
0,สั่งออเดอร์ออนไลน์ 12.07 น. แต่พิซซ่ามาส่ง 14.10 น. เข้าใจว่าวันนี้ฝนตกแต่นั่นมันคือเหตุผลที่คนสั่งอาหาร delivery มั้ยครับ? รออยู่ครบชั่วโมงพยายามจะโทรบอกแคนเซิลทั้งคอลล์เซนเตอร์และสาขาสุทธิสารไม่มีคนรับสายทั้งสิ้น พนักงานมาส่งบอกผมเป็นเด็กใหม่ ไม่รู้เรื่องใดๆทั้งสิ้น ห่วย ไม่มีความรับผิดชอบกับลูกค้า
0,"สั่งไปรอเกินเวลาส่งมาจะ ชม ละยังไม่ได้ โทรไปถามก็บอกออกมาแล้ว หลังจากโทรถามรออีกครึ่ง ชม ก็ยังไม่มาจะจัดโปรเตรียมคนส่งคนทำให้พร้อมก่อนดีไหมครับ"
0,เจอเส้นผมในพิซซ่าค่ะ ถึงจะเป็นโปร 1 แถม 1 ก็ควรรักษาคุณภาพด้วยนะคะ
0,รสชาติห่วย 
0,ไร้คุณภาพ สมัคร account แล้วสั่งทางออนไลน์ปกติ เมื่อก่อนมาส่งได้ วันนี้บอกว่าไม่จัดส่ง แต่บนเว็ป พื้นที่ก็อยู่ในเขตบริการ 
0,ลงทะเบียนเพื่อจะ สั่ง ออนไลน์ ป่านนี้ยังไม่ยืนยัน ตอบกลับจะได้กินมั้ย ชาตินี้ หรือสั่งวันนี้ได้กินชาติหน้า การตลาดห่วยฝ่ายขายห่วยมากๆแก้ไขด่วนๆๆ
0,วันนี้สั่งตอน 18.19 น มาส่งตอน 19.16 น จะครบชั่วโมงแล้ว ไหนบอกว่าการันตรีส่งภายใน 30 นาที มาส่งช้าแล้วเก็บเงินด้วย แถมพิซซ่าก็เย็นชืดมาก ขอซอสพริกก็ไม่ได้ซักซอง
0,ไปซื้อพิซซ่า สาขาถ.จันทร์ สั่งพิซซ่ามาสองกล่องแต่ไม่ให้ซอสมาบ้าปะวะ กลับมา5ทุ่ม โทรกลับไปร้านก็ปิดไม่มีคนรับ ห่วยชิบ
0,พนักงานน่ายังกะส้นตีน สงสัยทะเลาะกับผัวมา พูดอะไรก็ไม่รู้ฟังไม่ทัน ของหมดก็ไม่แจ้งกูด้วยงั้นกูไม่แดกหรอก 
0,รับปรุงด่วนเลยครับ เรื่องเวลาเสริฟให้ลูกค้า นานเกิน
1,"วันนี้ขอชมพนักงานสาขาอิมพีเรียว สำโรง นะคะ นั่งรออาหารปกติ พนักงานเดินมาบอกว่า เสริฟผิดโต๊ะ เลยรับผิดชอบด้วยการแถมอีกถาด กะว่าจะมากินให้หายอยาก กลายเป็นว่าอิ่มตื้อเลย"
1,วันนี้โทรไปสั่ง Pizza ไม่ได้ดูด้วยว่าจะมาส่งกี่โมง แต่ก็คิดว่าน่าจะช้าหน่อย เพราะฝนตกหนักมาก มีโทรศัพท์แจ้งเข้ามาว่า น้องทำออเดอร์ผิด ทำให้มาส่งช้ากว่าเวลา (จริงๆช้าไปนิดเดียวเอง) ผมก็เลยแถมไปให้อีกชุดนึง ขอบคุณมากค่ะ อร่อยมาก อิ่มกว่ากำหนดเลย
1,มีความคิดสร้างสรรค์ดีมากครับ ที่สำคัญความคิดสร้างสรรค์เหล่านั้นยังสามารถนำมาใช้ได้จริง เกิดเป็นผลิตภัณฑ์ใหม่ที่ตอบโจทย์ของผู้บริโภคได้อย่างน่าสนใจ
1,ไปทานที่ร้านมาค่ะร้านสะอาดบริการดีพิซซ่า ไก่บาร์บิคิว ขนมปังกระเทียมอร่อยค่ะ
1,ขอบชีสเบอร์เกอร์อร่อยมากถึงมากที่สุด อยากให้มีตลอดไป
1,"สาขา Siam Center บริการดีครับพนักงานดูแลดีสุดพลัง"
1,แล้วพบกันใหม่ เมื่อโปร 1 แถม 1 กลับมานะ คิดถึงเสมอ
1,"สาขา ไดอาน่าหาดใหญ่ บริการดีมากๆๆๆค่ะ :Dออร์เดอร์มีปัญหา ผจก.ช่วยประสานงานให้กับคอลเซ็นเตอร์พูดจาสุภาพมากๆด้วย มาส่งไว รสชาติดี อบกำลังได้ที่ค่ะชื่นชม"
1,กินครบ 32 หน้าละก็ยังไม่เบื่อ สงใสให้ถาม
1,วันนี้สั่งพิซซ่ากับซี่โครงหมูอบของสาขามหาชัยค่ะ แล้วร้านลืมซอสซี่โครงหมูอบ ก็เลยโทรบอกว่าจะเอามาให้ใหม่ ปรากฏว่ารอบแรกมาก็ลืมอีก เขาเลยบอกว่าจะเอามาให้อีกรอบ ด้วยความที่ไม่เคยกินซี่โครงหมูอบของที่นี่เลยไม่รู้ว่าการกินโดยไม่มีซอสจะอร่อยแค่ไหนก็เลยรอ แล้วรอบสองเขาก็เอามาให้จริงๆ แม้จะทุลักทุเลนิดหน่อย แต่ก็ดีใจที่พิซซ่าคอมเปนีมีใจบริการดีมากๆ ขอให้ดีแบบนี้ตลอดไป แล้วจะอุดหนุนบ่อยๆ นะคะ
1,อาหารร้อนฝนตกก็ยังมาส่งชอบๆเวลาหิวก็ยังนึกถึงเลยครับ
1,"ชอบมากค่ะสาขา union mall พนักงานน่ารักมากบริการดี"
1,วันนี้ได้ไปฉลองวันเกิดให้หลานที่ร้านสาขา เซนทรัล บางนา มีเด็กๆ ไปรวมกัน 4 คน วัยกำลังซน อยากขอบคุณพนักงานที่ดูแลดีมาก รับออเดอร์อย่างสุภาพ อดทน ช่วนแก้ปัญหาเด็กๆ วิ่งซนให้ด้วยการเอาชุดระบายสีมาให้ พนักงานน่ารักกันทุกคนเลยค่ะ แต่อยากชื่นชมเป็นพิเศษสำหรับคุณ ปัญญาฤทธิ์ วงศ์สมบัติ ช่วยแก้ปัญหาและรับออเดอร์อย่างดี อุดหนุนร้านนี้หลายครั้ง ต่างสาขา แต่หนนี้ประทับใจเป็นพิเศษค่ะ น้องบริการดีมาก
1,ผมชอบเดอะพิซซ่ามากครับ เป็นที่ที่เรานัดเจอเพื่อนได้ดี แต่จะรักเลย ถ้า บัตรสมาชิก 1แถม1 สามารถทานที่ร้านได้ครับ อยากรู้เหตุผลทำไม ไม่ให้ทานที่ร้าน ทั้งๆที่ถ้าทานที่ร้านเราก็มีโอกาสสั่งเมนูอื่นทานด้วย
1,ส่งเร็ว ส่งไว ส่งทุกวัน ส่งทุกที่ ส่งทุกสภาพอากาศ ส่งทุกเทศกาล สั่งเลย! 1112
1,ชื่นชมพนักงานสาขา Big C สะพานควายค่ะ สั่งแบบหนา ได้แบบบาง เราบอกไม่เป็นไร แต่กลับได้แบบหนามาอีกถาด กินจนอืดเลย พนักงานน่ารักทุกคน บริการดีมาก กินร้านอาหารมาก็มาก ถ้าผิดบอกไม่เป็นไร คือเลยตามเลย แต่นี่คือ ดีอ่ะ ประทับใจมากๆ
1,ขอชื่นชมพนักงานส่งพิซซ่าและพนักงานรับออเด้อมากค่ะ ส่งที่อยุธยา เก่งมากที่หาบ้านเราเจอ เราสั่งอย่างอื่นไม่เคยมาส่งให้ เพราะหาบ้านเราไม่เจอ บ้านเราก้อไม่ได้บ้านนอกนะ แต่ขอชื่นชมค่ะ เก่งมีมารยาท รวดเร็ว ใจเยน ขอบคุนจิงๆๆค่ะ
1,อยากจะให้ซัก10ดาว พนักงานสาขาตลาดหางดงให้บริการดีมาก ประทับใจสุดๆ รอนานหน่อยแต่ไม่เป็นไร พนักงานน่ารักจริงๆ
1,วันนี้ไปทานกับครอบครัวที่เซ็นทรัลศาลายามาค่ะ พนักงานน่ารักมาก ชื่นชมค่ะ บริการดีจริงๆ ไม่มีท่าทีแย่ๆเลยค่ะ เยี่ยมมม
1,"เอาไปเลย 10 10 10ไม่เคยกินพิซซ่าแล้วอร่อยขนาดนี้ จะมาบ่อยๆเลยค่ะ รักสึ สาขาเซ็นทรัลพระรามเก้า"
1,ผมอยากให้มาเปิดที่อำเภอศรีสงครามจังคนจะได้ไม่ต้องเดินทางไปสั่งที่สกลนคร ช่วยมาเปิดด้วยนะครับ
1,อร่อยมากๆค่ะพิซซ่าขอบไส้กรอกอร่อยมากมาใหม่. ลองชิมดูนะคะรับรองว่าไม่ผิดหวังค่ะ
1,วันนี้ไปกินมาที่บิ๊กซีลพบุรีบริการดีมากน้องที่เป็นทอม
1,สุดยอดอร่อยมาก
1,ก็โออยุ่นะค่ะเร็วทันใจดี พอดีเพิงสั่งร้านนี้ครั้งแรด
1,แนะนำให้สั่งในเน็ตคุณจะไม่พบกับปัญหาห่าไรเลย จบปิ๊ง
1,ขอบชีสซี่เบอเกอร์ดีงามมาก ไม่เลี่ยนแถมกินเพลินเบย
1,ของโปรด. อร่อยทุกอย่างๆๆๆ. หิวทีไรนึกถึงทุกทีเลย
1,ชอบมากค่ะ บริการส่งรวดเร็วดี สั่งกี่รอบไม่มีผิดหวัง
1,อร่อยมาก โดยเฉพาะหน้า อะโลฮ่า และ ซีฟู้ด คริคริ
1,Big C นครปฐม บริการดีค่ะ หน้าเต็ม บอกโปรทุกอย่าง
1,วันนี้โทรสั่งพิซซ่าเเถวหนองเเขมค่ะไม่เเน่ใจว่าจากสาขาไหนนะค่ะคือบริการส่งรวดเร็วดีค่ะเเต่พิซซ่าหน้าดับเบิ้ลชีสชีสมันไม่ทั่วหน้าค่ะคือกองกันตรงกลางซะมากกว่าเวลาดึงขึ้นมาชีสมันไหลไม่ติดพิซซ่าเเต่ติดที่กระดาษเเทนรบกวนปรับปรุงหน่อยนะค่ะเเต่รวมๆเเล้วก็ดีค่ะ
1,ส่งเร็ว รสชาติดี ชอบโปร 1 แถม 1 มากๆ น่าจะมีโปรนี้บ่อยๆนะ
1,"ยังอร่อยเหมือนเดิม บริการดี มีหลายสาขาให้ใช้บริการ"
1,บริการดีมากค่ะ พอดีสั่งแล้วฝนพึ่งตก manager เดินตากฝนมาส่งเองเลยค่ะ
1,ชอบแป้งบางกรอบที่ซูดเลย เครื่องเนื้อแน่น ซอลอร่อยใช้บริการสาขาเมืองทองทั้ง carry out และ delivery พนักงานเฟรนลี่ ประทับใจครับ
1,สั่งออนไลน์ ง่ายสะดวก ส่งตรงเวลา พิซซ่าแป้งบางกรอบอร่อยทุกหน้าเลย มีโปรสุดคุ้มบ่อยๆด้วย
1,โคตรอร่อย จัดให้เป็นที่สุดแห่งพิซซ่ายี่ห้อตลาดในไทยเลย
1,อร่อยดีผมชอบนะ....สั่งไม่นานก็ได้แระ....
1,อร่อยคุ้มค่าคุ้มราคาชอบมากค่ะ
1,อร่อยมาก คุ้มสุดๆ โปรที่ดีที่สุดในวงการพิซซ่าตอนนี้
1,พิซซ่าอร่อยทุกชิ้น แป้งบางกำลังดี น้ำจิ้มข้าวมันไก่อร่อยมากๆ 
1,พนักงานบริการดี อาหารอร่อย
1,"สาขาเซ็นทรัลแจ้งวัฒนะบริการดีมากครับพนักงานเป็นมิตรแต่อยากให้ขยายพื้นที่ร้านหน่อยครับ"
1,เป็นพิซซ่าที่อร่อยมากที่สุดกินมาหลายสิบปีละ
1,พิซซ่าอร่อยที่สุดในโลกเลยแป้งไม่หนามากเกินไปค่ะ
1,มาทานที่ยูเนียนมอลล์ พนักงานน่ารักมากค่ะ โดยเฉพาะพนักงานผู้ชายใส่แว่น ไม่แน่ใจว่าชื่ออะไร แนะนำเมนู แล้วก็คอยสังเกตตลอดค่ะ
1,ไปทานที่สาขา ซีคอน ไปทาน5คน จ่าย1170 บาทคุ้มมากๆ อร่อยถูกปากทุกคน พิชซ่าอร่อยกว่าเจ้าอื่น พนักงานน่ารัก จะกลับไปทานอีกแน่นอน
1,"ราคาอาหารคุ้มค่ากับราคาค่ะเห็นหลายๆคอมเม้นไม่โอเคกับที่นี่แต่ส่วนตัวดิฉันโอเคมากค่ะ"
1,พนักงานบริการดีมากเลย โดยเฉพาะพี่ผู้หญิงผมสั้นที่เป็นผู้จัดการร้าน
1,บริการน่ารักทุกคนเลยคร้า
1,สาขาเซ็นทรัลพระราม2 บริการดีมาก แม้ว่าลูกค้าจะเยอะ
1,พึ่งไปทานมาเมื่ออาทิตย์ที่แล้ว อร่อยมากเลยค่ะ
1,เมื่อวานไปทานที่the mall บางกะปิ พนักงานน่ารักทุกคนเลยนะคะ บริการให้โดยไม่ต้องร้องขอ พูดจาสุภาพ หน้าตายิ้มแย้ม อาหารเติมตลอด ฝากชื่นชมด้วยนะคะ
1,กินที่บางกะปิมา พนักงานใจดีทุกคนเลย
1,"ดีมากๆเรย สาขาเซนแจ้งพนักงานเฟรนลี่ทุกคนเรย"
1,อาหารอร่อยมีให้เลือกเยอะมาก
1,คุ้มมาก
1,ฟิซซ่าอร่อยมากครับ
1,สำหรับสาขา ที่ไปทาน พนักงานบริการน่ารักมาก ครั้งต่อไป บริการแบบนี้อีกนะ 
1,วันนี้ไปทานที่สาขาเซ็นทรัลแจ้งวัฒนะ น้องพนักงานบริการดี อาหารรสชาติใช้ได้
1,โดยรวมถือว่าโอเคค่ะ
1,วันนี้ไปกินพิชซ่าที่เซ็นทรัลสาขารัตนาธิเบตรมาครับ พิชซ่าอร่อยเหมือนเดิมหลังจากที่ไม่ไปได้ไปนาน พวกหัวหน้ากับพนักงานก็เป็นกันเอง
1,รับประทานมานานแล้ว ตั้งแต่อยู่ที่สีลม เวลามีนัดทานอาหารกับเพื่อนๆ จะเป็นตัวเลือกแรกๆ
1,อร่อย ไม่แพ้ร้านอิตาเลี่ยนร้านอื่น
1,ยอดเยี่ยมมาก
1,อาหารอร่อยรสชาดดี
1,อาหารอร่อย พิซซ่าเครื่องเยอะ คุณภาพอาหารดีค่ะ พนักงานน่ารักมากๆเลย
1,อาหารอร่อยมากๆ ทุกเมนู ไม่เคยผิดหวังเลยคะ
1,อาหารอร่อย คุ้มค่ากับราคา บรรยากาศดี พนักงานก็เอาใจใส่ดี มีโอกาสจะไปอีกค่ะ
1,ไปทานมาเมื่อเย็น อาหารอร่อยมากๆเลยค่ะ 
1,ประทับ ใจทุกครั้งที่มา บริการดีมาก
1,อาหารรสชาดดีครับ บรรยากาศร้านนั่งสบายๆ
1,หวังว่าจะยังคงรักษามาตรฐานแบบนี้ต่อไปไดดีแบบนี้เรื่อยๆ 
1,อาหร่อย สดคุ้มราคา มากกกก
1,หลังจากคุณภาพตกไปพักนึง ช่วงนี้กลับมาอร่อยเหมือนเดิมแล้ว 
1,ไปทานมา 2 ครั้ง ครั้งแรกไม่ค่อยประทับใจเท่าไหร่ เรื่องอาหารล่าช้า สั่งได้ไม่เต็มที่ แต่พอครั้ง ที่ 2 ทางร้านได้ปรับปรุงด้านบริการดีขึ้นมากค่ะ
1,ชอบมากค่ะ อาหารอร่อย
1,รสชาติอร่อย ราคาประหยัด 
1,อร่อยมาก เร็วดี บริการดี
1,อร่อยดีครับคุ้มค่ากับราคาที่จ่าย
1,ไปชิมกันเยอะๆนะค่ะ
1,อาหารอร่อยมากๆค่ะขอบอก รับลองจะติดใจ
1,มันเป็นศิลปะ!..อร่อยและถูก.ผมให้ผ่านครับ
1,ของมีคุณภาพ อร่อย และสมกับราคามากคะ 
1,อาหารแค่มองเห็นปุบก็หิวเลยครับ
1,อาหารอร่อยคะทานบ่อยมากถ้ามีโอกาศจะมาอีกคะ
1,สุดยอดครับ อาหารคุณภาพดีจริง
1,อยากไปนะต้องหาเพื่อนไปหลายๆคนถึงจะอร่อยนะ
1,น่ากินฟุดๆ.หิววววเลยยย ต้องไปลองชิมสักหน่อย
1,ไม่มีอะไรไม่ทำให้เรารูสึกไม่ ชอบเลยละ้ เต็มๆเลย ชอบครับ.
1,ช่วงโปรฯ คุณภาพเกินราคาคะ
1,อร่อยมาก ราคาโอเครเลยค่ะ
1,อาหารอร่อยมากคะ
1,คุณภาพและการบริการระดับ 5 ดาว
1,อาหารอร่อยมากๆ ค่ะ